-- ============================================================
-- 初始测试数据（事务包裹，保证原子性）
-- ============================================================

-- 强制会话字符集，避免客户端编码不一致导致中文报错
SET NAMES utf8mb4 COLLATE utf8mb4_unicode_ci;
SET character_set_client = utf8mb4;
SET character_set_connection = utf8mb4;
SET character_set_results = utf8mb4;

use fudan_campus_info;

START TRANSACTION;

-- --------------------- 院系（8 条）---------------------------
INSERT INTO department (department_id, name) VALUES
(1, '计算机科学技术学院'),
(2, '数学科学学院'),
(3, '物理系'),
(4, '化学系'),
(5, '生命科学学院'),
(6, '管理学院'),
(7, '法学院'),
(8, '新闻学院');

-- --------------------- 校区（4 条）---------------------------
INSERT INTO campus (campus_id, name, address, contact_phone, latitude, longitude, description) VALUES
(1, '邯郸校区', '上海市杨浦区邯郸路220号', '021-65642222', 31.29800000, 121.50100000, '复旦大学主校区，包含大部分院系'),
(2, '枫林校区', '上海市徐汇区医学院路138号', '021-54237000', 31.19900000, 121.45100000, '原上海医科大学所在地，现为医学相关院系'),
(3, '张江校区', '上海市浦东新区张衡路825号', '021-51355000', 31.20500000, 121.60400000, '以微电子、软件等工科为主'),
(4, '江湾校区', '上海市杨浦区淞沪路2005号', '021-51630000', 31.34000000, 121.50700000, '以法学、生命科学等为主');

-- --------------------- 建筑（12 条）--------------------------
INSERT INTO building (building_id, name, type, campus_id, floors, open_time, close_time, description) VALUES
(1,  '光华楼',       '教学楼', 1, 30, '06:00', '23:00', '邯郸校区标志性建筑，高层教学楼'),
(2,  '逸夫楼',       '教学楼', 1, 6,  '06:30', '22:30', '多功能教学楼，含实验室'),
(3,  '文科楼',       '教学楼', 1, 8,  '07:00', '22:00', '文科主要教学楼'),
(4,  '理科图书馆',   '图书馆', 1, 5,  '08:00', '22:00', '邯郸校区理科图书馆'),
(5,  '明道楼',       '教学楼', 2, 12, '06:30', '23:00', '枫林校区主教学楼'),
(6,  '治道楼',       '实验楼', 2, 8,  '07:00', '22:00', '医学实验楼'),
(7,  '微电子楼',     '实验楼', 3, 6,  '06:30', '22:30', '微电子学院实验楼'),
(8,  '软件楼',       '教学楼', 3, 7,  '07:00', '22:00', '软件学院教学楼'),
(9,  '法学楼',       '教学楼', 4, 10, '06:30', '23:00', '江湾校区法学教学楼'),
(10, '生命科学楼',   '实验楼', 4, 8,  '07:00', '22:30', '生命科学学院实验楼'),
(11, '化学楼',       '实验楼', 4, 6,  '07:00', '22:00', '化学系实验楼'),
(12, '北区食堂',     '食堂',   1, 3,  '06:30', '20:30', '邯郸校区北区学生食堂');

-- --------------------- 设施（20 条）--------------------------
INSERT INTO facility (facility_id, name, type, building_id, open_time, location_desc, capacity, contact, description) VALUES
(1,  '光华咖啡厅',       '咖啡厅', 1,  '09:00-21:00',                 '一楼大厅东侧',        60,   NULL,           '提供咖啡与简餐'),
(2,  '光华自习室',       '自习室', 1,  '06:00-23:00',                 '2-28层开放自习区',    200,  NULL,           '高层自习空间'),
(3,  '逸夫计算机房',     '机房',   2,  '08:00-21:30',                 '逸夫楼301室',         80,   NULL,           '教学用计算机房'),
(4,  '文科楼咖啡店',     '咖啡厅', 3,  '08:00-20:00',                 '文科楼一楼',          30,   '021-65641234', '小型咖啡店'),
(5,  '文科楼研讨室',     '研讨室', 3,  '08:00-22:00',                 '文科楼5楼',           25,   NULL,           '可预约的研讨室'),
(6,  '理科图书馆阅览室', '阅览室', 4,  '08:00-22:00',                 '理科图书馆2-4层',     300,  '021-65642345', '大型阅览室'),
(7,  '理科图书馆自习区', '自习室', 4,  '08:00-22:00',                 '理科图书馆B1层',      150,  NULL,           '安静自习区'),
(8,  '明道楼报告厅',     '报告厅', 5,  '根据活动安排',                '明道楼一楼',          400,  NULL,           '可容纳400人的报告厅'),
(9,  '明道楼咖啡馆',     '咖啡厅', 5,  '08:30-20:00',                 '明道楼大厅',          40,   NULL,           '医学主题咖啡厅'),
(10, '治道楼实验室',     '实验室', 6,  '08:00-21:00',                 '治道楼3-6层',         100,  NULL,           '医学类教学实验室'),
(11, '微电子楼实验室',   '实验室', 7,  '08:00-21:30',                 '微电子楼2-5层',       80,   NULL,           '集成电路实验室'),
(12, '软件楼创客空间',   '研讨室', 8,  '08:00-22:00',                 '软件楼一楼',          50,   NULL,           '学生创新研讨空间'),
(13, '软件楼咖啡吧',     '咖啡厅', 8,  '09:00-19:00',                 '软件楼大厅',          35,   NULL,           '学生创业咖啡吧'),
(14, '法学楼模拟法庭',   '报告厅', 9,  '根据预约安排',                '法学楼B1层',          200,  NULL,           '模拟法庭教学场地'),
(15, '法学楼图书馆',     '阅览室', 9,  '08:00-22:00',                 '法学楼2-3层',         120,  NULL,           '法学专业图书馆'),
(16, '生命科学楼实验室', '实验室', 10, '08:00-21:00',                 '生命科学楼2-6层',     90,   NULL,           '生物类教学实验室'),
(17, '化学楼实验室',     '实验室', 11, '08:00-21:00',                 '化学楼1-5层',         120,  NULL,           '化学教学实验室'),
(18, '北区食堂一楼餐厅', '食堂',   12, '午餐 11:00-13:00, 晚餐 17:00-19:00', '北区食堂一楼', 500, '021-65643210', '学生食堂一楼'),
(19, '北区食堂二楼餐厅', '食堂',   12, '午餐 11:00-13:00, 晚餐 17:00-19:00', '北区食堂二楼', 400, NULL,           '学生食堂二楼，含特色窗口'),
(20, '北区食堂咖啡角',   '咖啡厅', 12, '10:00-18:00',                 '北区食堂一楼西侧',    20,   NULL,           '小型咖啡售卖点');

-- --------------------- 教师（12 条）--------------------------
INSERT INTO teacher (teacher_id, name, department_id, title, email, phone) VALUES
(1,  '王建国', 1, '教授',   'wangjg@fudan.edu.cn',    '021-65641111'),
(2,  '李芳',   1, '副教授', 'lifang@fudan.edu.cn',    '021-65641112'),
(3,  '张伟',   2, '教授',   'zhangwei@fudan.edu.cn',   '021-65642221'),
(4,  '陈静',   2, '讲师',   'chenjing@fudan.edu.cn',   '021-65642222'),
(5,  '刘志强', 3, '教授',   'liuzq@fudan.edu.cn',      '021-65643331'),
(6,  '赵敏',   3, '副教授', 'zhaomin@fudan.edu.cn',    '021-65643332'),
(7,  '孙涛',   5, '教授',   'suntao@fudan.edu.cn',     '021-65645551'),
(8,  '周杰',   6, '教授',   'zhoujie@fudan.edu.cn',    '021-65646661'),
(9,  '吴昊',   6, '讲师',   'wuhao@fudan.edu.cn',      '021-65646662'),
(10, '郑晓明', 7, '教授',   'zhengxm@fudan.edu.cn',    '021-65647771'),
(11, '冯丽',   7, '副教授', 'fengli@fudan.edu.cn',     '021-65647772'),
(12, '何强',   8, '教授',   'heqiang@fudan.edu.cn',    '021-65648881');

-- --------------------- 课程（12 条）--------------------------
INSERT INTO course (course_id, name, department_id, credits, description, semester_offered) VALUES
(1,  '数据库系统',         1, 4.0, '关系型数据库设计与SQL',        '2025-2026-1'),
(2,  '操作系统',           1, 4.0, '操作系统原理与实践',           '2025-2026-1'),
(3,  '计算机网络',         1, 3.0, '计算机网络体系结构',           '2025-2026-2'),
(4,  '高等代数',           2, 5.0, '线性代数进阶课程',             '2025-2026-1'),
(5,  '概率论与数理统计',   2, 4.0, '概率统计基础与应用',           '2025-2026-1'),
(6,  '量子力学',           3, 4.0, '量子力学基本原理',             '2025-2026-2'),
(7,  '固体物理',           3, 3.0, '固体物理基础',                 '2025-2026-1'),
(8,  '生物化学',           5, 4.0, '生物化学基础',                 '2025-2026-1'),
(9,  '管理学原理',         6, 3.0, '管理学基础知识',               '2025-2026-1'),
(10, '市场营销',           6, 3.0, '市场营销理论与实践',           '2025-2026-2'),
(11, '宪法学',             7, 4.0, '中国宪法学',                   '2025-2026-1'),
(12, '新闻学概论',         8, 3.0, '新闻学基础理论',               '2025-2026-1');

-- --------------------- 授课关系（20 条）----------------------
INSERT INTO course_teacher (course_id, teacher_id, semester, role, remarks) VALUES
(1, 1, '2025-2026-1', '主讲',   '课程负责人'),
(1, 2, '2025-2026-1', '助教',   '负责实验课'),
(2, 1, '2025-2026-1', '主讲',   '课程负责人'),
(3, 2, '2025-2026-2', '主讲',   NULL),
(4, 3, '2025-2026-1', '主讲',   '课程负责人'),
(4, 4, '2025-2026-1', '助教',   '负责习题课'),
(5, 3, '2025-2026-1', '主讲',   NULL),
(5, 4, '2025-2026-1', '助教',   NULL),
(6, 5, '2025-2026-2', '主讲',   NULL),
(6, 6, '2025-2026-2', '助教',   NULL),
(7, 5, '2025-2026-1', '主讲',   '课程负责人'),
(7, 6, '2025-2026-1', '主讲',   '合讲课程'),
(8, 7, '2025-2026-1', '主讲',   NULL),
(9, 8, '2025-2026-1', '主讲',   NULL),
(9, 9, '2025-2026-1', '助教',   NULL),
(10, 8, '2025-2026-2', '主讲',   NULL),
(11, 10, '2025-2026-1', '主讲',  '课程负责人'),
(11, 11, '2025-2026-1', '助教',  NULL),
(12, 12, '2025-2026-1', '主讲',  NULL),
(1, 1, '2024-2025-1', '主讲',   '上一学年开课记录');

-- --------------------- 用户（10 条）--------------------------
INSERT INTO user (user_id, username, name, grade, department_id, role, email, phone) VALUES
(1, 'admin',        '系统管理员', NULL,    NULL, 'admin', 'admin@fudan.edu.cn',     '021-65640000'),
(2, 'hdhong',       '洪东浩',     '2024级', 1,   'user',  'hdhong24@fudan.edu.cn',  NULL),
(3, 'matianxing',   '马天行',     '2024级', 1,   'user',  'mtx24@fudan.edu.cn',     NULL),
(4, 'liuxiaoming',  '刘小明',     '2023级', 2,   'user',  'lxm23@fudan.edu.cn',     '13800000001'),
(5, 'wangfang',     '王芳',       '2024级', 3,   'user',  'wangfang@fudan.edu.cn',  '13800000002'),
(6, 'zhangqiang',   '张强',       '2023级', 5,   'user',  'zhangq@fudan.edu.cn',    NULL),
(7, 'lina',         '李娜',       '2022级', 6,   'user',  'lina@fudan.edu.cn',      '13800000003'),
(8, 'chenwei',      '陈伟',       '2024级', 7,   'user',  'chenwei@fudan.edu.cn',   NULL),
(9, 'zhaoling',     '赵玲',       '2023级', 8,   'user',  'zhaoling@fudan.edu.cn',  NULL),
(10, 'datamanager',  '数据管理员', NULL,    NULL, 'admin', 'datamgr@fudan.edu.cn',   '021-65641100');

-- --------------------- 活动（10 条）--------------------------
INSERT INTO event (event_id, name, event_time, location_desc, campus_id, building_id, organizer, category, description) VALUES
(1,  'AI与数据库技术前沿讲座',  '2026-05-18 14:00:00', '光华楼东辅楼202',  1,    1,    '计算机科学技术学院',   '讲座', '探讨AI与数据库结合的最新进展'),
(2,  '数学建模竞赛宣讲会',      '2026-05-20 15:00:00', '逸夫楼301',        1,    2,    '数学科学学院',         '讲座', '全国大学生数学建模竞赛动员'),
(3,  '物理学术报告：量子计算',  '2026-05-22 10:00:00', '光华楼13楼会议室', 1,    1,    '物理系',               '讲座', '量子计算前沿学术报告'),
(4,  '生命科学论坛',            '2026-05-25 09:00:00', '江湾校区生命科学楼',4,   10,   '生命科学学院',         '论坛', '生命科学领域学术论坛'),
(5,  '法学模拟法庭公开赛',      '2026-06-01 13:30:00', '法学楼模拟法庭',   4,    9,    '法学院',               '社团', '模拟法庭比赛公开场'),
(6,  '管理学院职业发展分享会',  '2026-05-28 18:30:00', '邯郸校区',         1,    NULL, '管理学院',             '论坛', '校友职业发展经验分享'),
(7,  '校园文化艺术节',          '2026-06-05 19:00:00', '邯郸校区光华楼前', 1,    NULL, '校团委',               '社团', '年度校园文化艺术节'),
(8,  '张江校区科技开放日',      '2026-06-10 10:00:00', '张江校区',         3,    NULL, '张江校区管委会',       '活动', '张江校区实验室开放参观'),
(9,  '新闻学院摄影展',          '2026-05-15 09:00:00', '文科楼一楼展厅',   1,    3,    '新闻学院',             '展览', '学生摄影作品展'),
(10, '枫林校区健康讲座',        '2026-05-19 14:30:00', '明道楼报告厅',     2,    5,    '枫林校区医务室',       '讲座', '夏季常见疾病预防知识');

-- --------------------- 查询记录（20 条）-----------------------
INSERT INTO query_record (record_id, user_id, question, query_time, category, result_summary, used_nl2sql, client_ip) VALUES
(1,  2, '邯郸校区有哪些建筑？',                '2026-05-01 09:10:00', '建筑', '找到4栋建筑',             TRUE,  '10.0.0.1'),
(2,  2, '光华楼里有什么设施？',                '2026-05-01 09:12:00', '设施', '找到2个设施',             TRUE,  '10.0.0.1'),
(3,  3, '计算机学院有哪些课程？',              '2026-05-02 10:00:00', '课程', '找到3门课程',             TRUE,  '10.0.0.2'),
(4,  3, '王建国教授教什么课？',                '2026-05-02 10:05:00', '教师', '找到2门课程',             TRUE,  '10.0.0.2'),
(5,  4, '最近有什么讲座？',                    '2026-05-03 14:00:00', '活动', '找到3个近期讲座',         FALSE, '10.0.0.3'),
(6,  4, '数据库课程是谁教的？',                '2026-05-03 14:10:00', '课程', '王建国教授',              TRUE,  '10.0.0.3'),
(7,  5, '理科图书馆的开放时间？',              '2026-05-04 08:30:00', '设施', '08:00-22:00',             FALSE, '10.0.0.4'),
(8,  5, '江湾校区有哪些建筑？',                '2026-05-04 08:35:00', '建筑', '找到3栋建筑',             TRUE,  '10.0.0.4'),
(9,  6, '生物化学是哪个学院开的？',            '2026-05-05 11:00:00', '课程', '生命科学学院',            TRUE,  '10.0.0.5'),
(10, 6, '枫林校区在哪里？',                    '2026-05-05 11:05:00', '校区', '上海市徐汇区医学院路138号',FALSE, '10.0.0.5'),
(11, 7, '管理学院有哪些老师？',                '2026-05-06 15:00:00', '教师', '找到2位教师',            TRUE,  '10.0.0.6'),
(12, 7, '市场营销是哪学期开的？',              '2026-05-06 15:20:00', '课程', '2025-2026-2',             FALSE, '10.0.0.6'),
(13, 8, '法学院有什么活动？',                  '2026-05-07 12:00:00', '活动', '找到1个活动',            FALSE, '10.0.0.7'),
(14, 8, '张江校区有食堂吗？',                  '2026-05-07 12:05:00', '设施', '暂未收录张江校区食堂',    TRUE,  '10.0.0.7'),
(15, 9, '文科楼怎么走？',                      '2026-05-08 16:00:00', '建筑', '邯郸校区，近邯郸路大门',  FALSE, '10.0.0.8'),
(16, 2, '复旦有几个校区？',                    '2026-05-09 07:30:00', '校区', '4个校区',                FALSE, '10.0.0.1'),
(17, 3, '量子力学是哪个老师教的？',            '2026-05-09 13:00:00', '课程', '刘志强教授',              TRUE,  '10.0.0.2'),
(18, 5, '北区食堂的午餐时间？',                '2026-05-10 11:30:00', '设施', '午餐 11:00-13:00',        FALSE, '10.0.0.4'),
(19, 2, '下周有哪些活动？',                    '2026-05-10 08:00:00', '活动', '找到4个活动',            TRUE,  '10.0.0.1'),
(20, 4, '高等代数多少学分？',                  '2026-05-10 09:00:00', '课程', '5.0学分',                FALSE, '10.0.0.3');

COMMIT;